{"cameraMode":{"drawMode":0,"name":"Shaded","section":"Shading Mode"},"sceneLighting":true,"audioPlay":false,"sceneViewState":{"m_AlwaysRefresh":false,"showFog":true,"showSkybox":true,"showFlares":true,"showImageEffects":true,"showParticleSystems":true,"showVisualEffectGraphs":true,"m_FxEnabled":true},"in2DMode":false,"pivot":{"x":4.468649387359619,"y":0.7254250049591065,"z":-6.963550567626953},"rotation":{"x":0.12040914595127106,"y":-0.20251138508319856,"z":0.02510354481637478,"w":0.9715294241905212},"size":11.781651496887207,"orthographic":false}